[
  {
    "baseType": 3,
    "name": "author",
    "defaultValue": "",
    "description": "The author of the build",
    "helpText": "",
    "isSystem": false,
    "minLength": 0,
    "maxLength": 200,
    "validationRegex": "",
    "isValidate": false,
    "uuid": "eb7f20c3-703b-447b-87af-532f5c7bb7ab"
  },
  {
    "baseType": 3,
    "name": "branch",
    "defaultValue": "",
    "description": "",
    "helpText": "",
    "isSystem": false,
    "minLength": 0,
    "maxLength": 300,
    "validationRegex": "",
    "isValidate": false,
    "uuid": "a83b3d36-520b-4e07-ae59-9028c5a8d68a"
  },
  {
    "baseType": 3,
    "name": "build",
    "defaultValue": "",
    "description": "",
    "helpText": "",
    "isSystem": false,
    "minLength": 0,
    "maxLength": 300,
    "validationRegex": "",
    "isValidate": false,
    "uuid": "66d8ee77-a061-4e18-b550-5b44d8b0620a"
  },
  {
    "baseType": 3,
    "name": "build_url",
    "defaultValue": "",
    "description": "",
    "helpText": "",
    "isSystem": false,
    "minLength": 0,
    "maxLength": 1000,
    "validationRegex": "",
    "isValidate": false,
    "uuid": "06594b73-5628-4cc5-a326-7cd8524b57c8"
  },
  {
    "baseType": 3,
    "name": "commit",
    "defaultValue": "",
    "description": "",
    "helpText": "",
    "isSystem": false,
    "minLength": 0,
    "maxLength": 300,
    "validationRegex": "",
    "isValidate": false,
    "uuid": "fa67f4f3-a258-4ab8-b240-b3bdd11b0119"
  },
  {
    "baseType": 3,
    "name": "job",
    "defaultValue": "",
    "description": "",
    "helpText": "",
    "isSystem": false,
    "minLength": 0,
    "maxLength": 200,
    "validationRegex": "",
    "isValidate": false,
    "uuid": "a195a244-2450-4f65-ace2-b17b591dfe5b"
  },
  {
    "baseType": 3,
    "name": "job_status",
    "defaultValue": "",
    "description": "",
    "helpText": "",
    "isSystem": false,
    "minLength": 0,
    "maxLength": 100,
    "validationRegex": "",
    "isValidate": false,
    "uuid": "c2b3a38f-ce01-4b56-90e3-737d8750914b"
  },
  {
    "baseType": 3,
    "name": "project",
    "defaultValue": "",
    "description": "The project name",
    "helpText": "",
    "isSystem": false,
    "minLength": 0,
    "maxLength": 300,
    "validationRegex": "",
    "isValidate": false,
    "uuid": "288a6329-3641-4692-a1fc-359875604e79"
  },
  {
    "baseType": 3,
    "name": "status_color",
    "defaultValue": "",
    "description": "",
    "helpText": "",
    "isSystem": false,
    "minLength": 0,
    "maxLength": 30,
    "validationRegex": "",
    "isValidate": false,
    "uuid": "0479f050-18b5-43ef-9f26-1663d9921e43"
  },
  {
    "baseType": 3,
    "name": "workflow_id",
    "defaultValue": "",
    "description": "",
    "helpText": "",
    "isSystem": false,
    "minLength": 0,
    "maxLength": 100,
    "validationRegex": "",
    "isValidate": false,
    "uuid": "a1078b42-a667-4e12-a98b-11ca0caefc93"
  }
]