{
  "name": "Approval Request",
  "form": "1ba4e91c-4898-4b33-a664-d015600cfbaa",
  "blocks": [
    {
      "id": "e4f35a80-e278-44f0-9559-479c3b1294c1",
      "label": "Approval Request - Inbound from CircleCI",
      "environment": "HOSTED",
      "presentation": "{\"w\":60,\"x\":0,\"h\":60,\"y\":40}",
      "step": "f49a78cd-9b44-4603-9917-1ed684daf9cd",
      "stepType": "INTEGRATION"
    },
    {
      "id": "7446e417-7243-4403-b181-7139dc1d1014",
      "label": "Approve",
      "environment": "HOSTED",
      "presentation": "{}",
      "step": "982ea562-a41b-4400-b733-563a0997211d",
      "stepType": "INTEGRATION"
    },
    {
      "id": "3d7c3741-4cb8-4ec7-82ac-8628596fdc3a",
      "label": "Branch",
      "environment": "HOSTED",
      "presentation": "{\"w\":60,\"x\":440,\"h\":60,\"y\":431}",
      "stepType": "SWITCH",
      "inputMappings": [
        {
          "inputPort": "input",
          "mapping": "${35d4a3af-9c61-4fd3-9a1d-6e13be7d025e.Has Value?}"
        }
      ],
      "switchCases": [
        {
          "caseId": "0990c0a5-1196-46f8-b24a-b82fce26c907",
          "caseValue": "Yes"
        }
      ]
    },
    {
      "id": "ffde2023-b226-42ad-82b6-15f8494737c9",
      "endpoint": "CircleCi",
      "label": "CircleCI - Approve Job",
      "environment": "HOSTED",
      "presentation": "{\"w\":60,\"x\":660,\"h\":60,\"y\":566}",
      "step": "62f61499-ae43-4e7d-abd1-12f1af9c8163",
      "stepType": "SCRIPT_STEP",
      "inputMappings": [
        {
          "inputPort": "input",
          "mapping": "${event.properties.workflow_id}",
          "stepInput": "d1975247-fe26-42e5-bd06-f0f4d6add91c"
        },
        {
          "inputPort": "input",
          "mapping": "hold",
          "stepInput": "ceed7d2b-a3ae-46f7-ad3b-3ba01a89c7aa"
        },
        {
          "inputPort": "input",
          "mapping": "${35d4a3af-9c61-4fd3-9a1d-6e13be7d025e.Property Value}",
          "stepInput": "2e6a5a96-849f-4c8f-9f3b-88785d5dbc53"
        }
      ]
    },
    {
      "id": "a50de62e-77d1-495c-a351-606cc691bb83",
      "label": "Create Event - Approval Request",
      "environment": "HOSTED",
      "presentation": "{\"w\":60,\"x\":220,\"h\":60,\"y\":40}",
      "step": "1ba4e91c-4898-4b33-a664-d015600cfbaa",
      "stepType": "CREATE_EVENT",
      "inputMappings": [
        {
          "inputPort": "input",
          "mapping": "${e4f35a80-e278-44f0-9559-479c3b1294c1.workflow_id}",
          "sectionItemKey": "a1078b42-a667-4e12-a98b-11ca0caefc93"
        },
        {
          "inputPort": "input",
          "mapping": "${e4f35a80-e278-44f0-9559-479c3b1294c1.job_status}",
          "sectionItemKey": "c2b3a38f-ce01-4b56-90e3-737d8750914b"
        },
        {
          "inputPort": "input",
          "mapping": "${e4f35a80-e278-44f0-9559-479c3b1294c1.project}",
          "sectionItemKey": "288a6329-3641-4692-a1fc-359875604e79"
        },
        {
          "inputPort": "input",
          "mapping": "${e4f35a80-e278-44f0-9559-479c3b1294c1.branch}",
          "sectionItemKey": "a83b3d36-520b-4e07-ae59-9028c5a8d68a"
        },
        {
          "inputPort": "input",
          "mapping": "${e4f35a80-e278-44f0-9559-479c3b1294c1.build_url}",
          "sectionItemKey": "06594b73-5628-4cc5-a326-7cd8524b57c8"
        },
        {
          "inputPort": "input",
          "mapping": "${e4f35a80-e278-44f0-9559-479c3b1294c1.job}",
          "sectionItemKey": "a195a244-2450-4f65-ace2-b17b591dfe5b"
        },
        {
          "inputPort": "input",
          "mapping": "${e4f35a80-e278-44f0-9559-479c3b1294c1.commit}",
          "sectionItemKey": "fa67f4f3-a258-4ab8-b240-b3bdd11b0119"
        },
        {
          "inputPort": "input",
          "mapping": "${e4f35a80-e278-44f0-9559-479c3b1294c1.recipients}",
          "sectionItemKey": "recipients"
        },
        {
          "inputPort": "input",
          "mapping": "${e4f35a80-e278-44f0-9559-479c3b1294c1.build}",
          "sectionItemKey": "66d8ee77-a061-4e18-b550-5b44d8b0620a"
        },
        {
          "inputPort": "input",
          "mapping": "${e4f35a80-e278-44f0-9559-479c3b1294c1.author}",
          "sectionItemKey": "eb7f20c3-703b-447b-87af-532f5c7bb7ab"
        },
        {
          "inputPort": "input",
          "mapping": "${e4f35a80-e278-44f0-9559-479c3b1294c1.status_color}",
          "sectionItemKey": "0479f050-18b5-43ef-9f26-1663d9921e43"
        }
      ]
    },
    {
      "id": "cd3f7188-38d3-482c-955d-b4b969adea0b",
      "label": "Escalate",
      "environment": "HOSTED",
      "presentation": "{}",
      "step": "49fe49a3-8ddf-41f1-84bb-3403d1869b12",
      "stepType": "INTEGRATION"
    },
    {
      "id": "fcb9cb7c-11d7-4b1f-bf30-3fe027547c0b",
      "label": "Reject",
      "environment": "HOSTED",
      "presentation": "{}",
      "step": "ed44bbdf-912e-469b-9e60-d11e503d5bb0",
      "stepType": "INTEGRATION"
    },
    {
      "id": "6efed43d-caa6-4b3a-a857-42cba2aa3bb5",
      "label": "Responses",
      "environment": "HOSTED",
      "presentation": "{\"w\":100,\"x\":0,\"h\":50,\"y\":260}",
      "stepType": "RESPONSES"
    },
    {
      "id": "35d4a3af-9c61-4fd3-9a1d-6e13be7d025e",
      "label": "xMatters - Find User Property Value",
      "environment": "HOSTED",
      "presentation": "{\"w\":60,\"x\":220,\"h\":60,\"y\":416}",
      "step": "624cf819-dc9d-4d9b-a2be-7b3715279a7d",
      "stepType": "SCRIPT_STEP",
      "inputMappings": [
        {
          "inputPort": "input",
          "mapping": "${triggerOutputRESPONSE.respondedTo.by.targetName}",
          "stepInput": "ec2db50c-ccc9-4b68-be17-3a0be687334b"
        },
        {
          "inputPort": "input",
          "mapping": "CircleCI Token Plain",
          "stepInput": "2ecda629-25f1-4e90-9e50-6a900ad95d5d"
        }
      ]
    }
  ],
  "edges": [
    {
      "fromBlock": "e4f35a80-e278-44f0-9559-479c3b1294c1",
      "fromPort": "output",
      "toBlock": "a50de62e-77d1-495c-a351-606cc691bb83",
      "toPort": "input"
    },
    {
      "fromBlock": "35d4a3af-9c61-4fd3-9a1d-6e13be7d025e",
      "fromPort": "output",
      "toBlock": "3d7c3741-4cb8-4ec7-82ac-8628596fdc3a",
      "toPort": "input"
    },
    {
      "fromBlock": "3d7c3741-4cb8-4ec7-82ac-8628596fdc3a",
      "fromPort": "0990c0a5-1196-46f8-b24a-b82fce26c907",
      "toBlock": "ffde2023-b226-42ad-82b6-15f8494737c9",
      "toPort": "input"
    },
    {
      "fromBlock": "7446e417-7243-4403-b181-7139dc1d1014",
      "fromPort": "output",
      "toBlock": "35d4a3af-9c61-4fd3-9a1d-6e13be7d025e",
      "toPort": "input"
    }
  ]
}