{
  "name": "Build Notification",
  "form": "2b5bb575-7b55-4ae3-84ce-5097a5130a66",
  "blocks": [
    {
      "id": "6dcdafee-f53c-41e8-8186-1be87ec785de",
      "label": "Build Notification - Inbound from CircleCI",
      "environment": "HOSTED",
      "presentation": "{\"w\":60,\"x\":0,\"h\":60,\"y\":40}",
      "step": "03701297-484a-437a-863c-2549b2380542",
      "stepType": "INTEGRATION"
    },
    {
      "id": "9788eca5-6542-4cb9-80d2-970063e5e123",
      "label": "Create Event - Build Notification",
      "environment": "HOSTED",
      "presentation": "{\"w\":60,\"x\":220,\"h\":60,\"y\":40}",
      "step": "2b5bb575-7b55-4ae3-84ce-5097a5130a66",
      "stepType": "CREATE_EVENT",
      "inputMappings": [
        {
          "inputPort": "input",
          "mapping": "tdepuy",
          "sectionItemKey": "recipients"
        },
        {
          "inputPort": "input",
          "mapping": "${6dcdafee-f53c-41e8-8186-1be87ec785de.status_color}",
          "sectionItemKey": "0479f050-18b5-43ef-9f26-1663d9921e43"
        },
        {
          "inputPort": "input",
          "mapping": "${6dcdafee-f53c-41e8-8186-1be87ec785de.commit}",
          "sectionItemKey": "fa67f4f3-a258-4ab8-b240-b3bdd11b0119"
        },
        {
          "inputPort": "input",
          "mapping": "${6dcdafee-f53c-41e8-8186-1be87ec785de.build_url}",
          "sectionItemKey": "06594b73-5628-4cc5-a326-7cd8524b57c8"
        },
        {
          "inputPort": "input",
          "mapping": "${6dcdafee-f53c-41e8-8186-1be87ec785de.job}",
          "sectionItemKey": "a195a244-2450-4f65-ace2-b17b591dfe5b"
        },
        {
          "inputPort": "input",
          "mapping": "${6dcdafee-f53c-41e8-8186-1be87ec785de.project}",
          "sectionItemKey": "288a6329-3641-4692-a1fc-359875604e79"
        },
        {
          "inputPort": "input",
          "mapping": "${6dcdafee-f53c-41e8-8186-1be87ec785de.author}",
          "sectionItemKey": "eb7f20c3-703b-447b-87af-532f5c7bb7ab"
        },
        {
          "inputPort": "input",
          "mapping": "${6dcdafee-f53c-41e8-8186-1be87ec785de.branch}",
          "sectionItemKey": "a83b3d36-520b-4e07-ae59-9028c5a8d68a"
        },
        {
          "inputPort": "input",
          "mapping": "${6dcdafee-f53c-41e8-8186-1be87ec785de.build}",
          "sectionItemKey": "66d8ee77-a061-4e18-b550-5b44d8b0620a"
        },
        {
          "inputPort": "input",
          "mapping": "${6dcdafee-f53c-41e8-8186-1be87ec785de.job_status}",
          "sectionItemKey": "c2b3a38f-ce01-4b56-90e3-737d8750914b"
        }
      ]
    }
  ],
  "edges": [
    {
      "fromBlock": "6dcdafee-f53c-41e8-8186-1be87ec785de",
      "fromPort": "output",
      "toBlock": "9788eca5-6542-4cb9-80d2-970063e5e123",
      "toPort": "input"
    }
  ]
}