{
  "integrations": [
    {
      "id": "59c8d172-6e7a-4b76-8b2a-ab8c72a3f48f",
      "name": "Inbound from CircleCi",
      "action": "CREATE_EVENT",
      "type": "INBOUND_WEBHOOK",
      "deployed": true,
      "form": "38feda31-c1e9-4246-b83a-007b906776e6",
      "script": "\n\nvar payload = JSON.parse( request.body );\n\ntrigger = payload;\n\ntrigger.properties.status_color = \"SeaGreen\";\nif( trigger.properties.job_status != \"success\" ) {\n    trigger.properties.status_color = \"FireBrick\";\n}\n\n\nform.post( trigger );\n\n",
      "environment": "HOSTED",
      "authType": "URL",
      "createdBy": "IB"
    }
  ],
  "endpoints": [],
  "constants": []
}