{
  "integrations": [
    {
      "id": "982ea562-a41b-4400-b733-563a0997211d",
      "name": "Approval Request - Approve",
      "action": "RUN_SCRIPT",
      "type": "OUTBOUND_WEBHOOK",
      "triggeredBy": "RESPONSE",
      "responseChoice": "Approve",
      "deployed": true,
      "form": "1ba4e91c-4898-4b33-a664-d015600cfbaa",
      "environment": "HOSTED",
      "authType": "NONE",
      "createdBy": "FLOW"
    },
    {
      "id": "49fe49a3-8ddf-41f1-84bb-3403d1869b12",
      "name": "Approval Request - Escalate",
      "action": "RUN_SCRIPT",
      "type": "OUTBOUND_WEBHOOK",
      "triggeredBy": "RESPONSE",
      "responseChoice": "Escalate",
      "deployed": true,
      "form": "1ba4e91c-4898-4b33-a664-d015600cfbaa",
      "environment": "HOSTED",
      "authType": "NONE",
      "createdBy": "FLOW"
    },
    {
      "id": "f49a78cd-9b44-4603-9917-1ed684daf9cd",
      "name": "Approval Request - Inbound from CircleCI",
      "action": "RUN_SCRIPT",
      "type": "INBOUND_WEBHOOK",
      "deployed": true,
      "form": "1ba4e91c-4898-4b33-a664-d015600cfbaa",
      "environment": "HOSTED",
      "authType": "URL",
      "createdBy": "FLOW",
      "integrationScriptStepUuid": "f2db3e9d-0dbe-4290-aa98-d42b16e12902"
    },
    {
      "id": "ed44bbdf-912e-469b-9e60-d11e503d5bb0",
      "name": "Approval Request - Reject",
      "action": "RUN_SCRIPT",
      "type": "OUTBOUND_WEBHOOK",
      "triggeredBy": "RESPONSE",
      "responseChoice": "Reject",
      "deployed": true,
      "form": "1ba4e91c-4898-4b33-a664-d015600cfbaa",
      "environment": "HOSTED",
      "authType": "NONE",
      "createdBy": "FLOW"
    },
    {
      "id": "03701297-484a-437a-863c-2549b2380542",
      "name": "Build Notification - Inbound from CircleCI",
      "action": "RUN_SCRIPT",
      "type": "INBOUND_WEBHOOK",
      "deployed": true,
      "form": "2b5bb575-7b55-4ae3-84ce-5097a5130a66",
      "environment": "HOSTED",
      "authType": "URL",
      "createdBy": "FLOW",
      "integrationScriptStepUuid": "f2db3e9d-0dbe-4290-aa98-d42b16e12902"
    }
  ],
  "endpoints": [
    {
      "name": "CircleCi",
      "baseUrl": "https://circleci.com/",
      "type": "EXTERNAL",
      "authentication": "NO_AUTH"
    }
  ],
  "constants": []
}