{
  "integrations": [
    {
      "id": "604c2a2c-a333-435a-b268-454e590a016b",
      "name": "Inbound from CircleCi",
      "action": "CREATE_EVENT",
      "type": "INBOUND_WEBHOOK",
      "deployed": true,
      "form": "0d4f87c0-f734-437b-875f-fe4860f0998e",
      "script": "\n\nvar payload = JSON.parse( request.body );\n\ntrigger = payload;\n\ntrigger.properties.status_color = \"SeaGreen\";\nif( trigger.properties.job_status != \"success\" ) {\n    trigger.properties.status_color = \"FireBrick\";\n}\n\n\nform.post( trigger );\n\n",
      "environment": "HOSTED",
      "authType": "URL"
    }
  ],
  "endpoints": [],
  "constants": []
}