[
  {
    "id": "62f61499-ae43-4e7d-abd1-12f1af9c8163",
    "name": "CircleCI - Approve Job",
    "description": "Approve a job on hold.",
    "icon": "https://s3-xmatters-static.s3.amazonaws.com/null/customers/99cee7bb-651f-4a52-b7fe-3a9af00d22f9/IMAGE__20200623213420784__circleci_small.png",
    "script": "\n\nworkflowId = input['WORKFLOW_ID'];\njobName    = input['JOB_NAME'];\ntoken      = input['TOKEN'];\n\nvar jobs = getJobs( workflowId, token );\n\n\nconsole.log( 'JOBS: \\n' + JSON.stringify( jobs, null, 3 ) );\n\n// Search the jobs array for an entry with name === jobName\nvar approvalJob = jobs.find( ( {name} ) => name === jobName );\n\napproveJob( workflowId, approvalJob, token );\n\n\nfunction approveJob( workfLowId, job, token ) {\n    if( !job.approval_request_id ) {\n        console.log( 'Job \"' + job.name + '\" does not have a `approval_request_id` value. Is it an approval job?');\n        console.log( JSON.stringify( job, null, 3 ) );\n        return;\n    }\n    \n    \n    var path = \"/api/v2/workflow/\" + workflowId + \n               \"/approve/\" + job.approval_request_id \n               \n\tvar apiRequest = http.request({\n\t\t\"endpoint\": \"CircleCI\",\n\t\t\"path\":     path,\n\t\t\"method\":  \"POST\",\n\t\t\"headers\": {\n\t\t    \"Circle-Token\": token\n\t\t}\n\t});\n\n\tvar apiResponse = apiRequest.write();\n\n\n\tif ( apiResponse.statusCode < 200 || apiResponse.statusCode >= 300) {\n\t\tconsole.log( 'Error approving job: ' + apiResponse.body );\n\t\treturn;\n\t} \n\t\t\n    \n}\n\n\nfunction getJobs( workflowId, token ) {\n\n\tvar jobs   = [];\n\tvar cursor = '';\n\tvar more   = false;\n\tdo \n\t\t{\n\t\tvar apiRequest = http.request({\n\t\t\t\"endpoint\": \"CircleCI\",\n\t\t\t\"path\":     \"/api/v2/workflow/\" + workflowId + \"/job?\" + cursor,\n\t\t\t\"method\":   \"GET\", \n\t\t\t\"headers\": {\n\t\t\t    \"Circle-Token\": token\n\t\t\t}\n\t\t});\n\n\t\tvar apiResponse = apiRequest.write();\n\n\n\t\tif ( apiResponse.statusCode < 200 || apiResponse.statusCode >= 300) {\n\t\t\tconsole.log( 'Error getting jobs: ' + apiResponse.body );\n\t\t\treturn null;\n\t\t} \n\t\t\n\t\tvar response = JSON.parse( apiResponse.body );\n\t\tfor( var j in response.items ) {\n\t\t\tjobs.push( response.items[j] );\n\t\t}\n\n        more = false;\n\t\tif( response.next_page_token ) {\n\t\t\tmore = true;\n\t\t\tcursor = '&page-token=' + response.next_page_token;\n\t\t}\n\n\n\t} while( more );\n\n\treturn jobs;\n}",
    "endpointLabel": "CircleCI",
    "allowedEnvironment": "HOSTED",
    "accessibleByAll": "NotShared",
    "scriptStepType": "USER",
    "inputs": [
      {
        "id": "d1975247-fe26-42e5-bd06-f0f4d6add91c",
        "name": "WORKFLOW_ID",
        "helpText": "The workflow UUID. This is the CIRCLE_WORKFLOW_ID env var",
        "defaultValue": "",
        "multiline": false,
        "required": true,
        "maxLength": 2000,
        "minLength": 0,
        "position": 0
      },
      {
        "id": "ceed7d2b-a3ae-46f7-ad3b-3ba01a89c7aa",
        "name": "JOB_NAME",
        "helpText": "",
        "defaultValue": "The name of the job on hold. ",
        "multiline": false,
        "required": true,
        "maxLength": 2000,
        "minLength": 0,
        "position": 1
      },
      {
        "id": "2e6a5a96-849f-4c8f-9f3b-88785d5dbc53",
        "name": "TOKEN",
        "helpText": "The circle-token value to authenticate with.",
        "defaultValue": "",
        "multiline": false,
        "required": false,
        "maxLength": 2000,
        "minLength": 0,
        "position": 2
      }
    ],
    "outputs": [
      {
        "id": "673f375d-1230-433b-b424-49794552f057",
        "name": "result",
        "position": 0
      }
    ],
    "libraries": []
  },
  {
    "id": "f2db3e9d-0dbe-4290-aa98-d42b16e12902",
    "name": "Inbound from CircleCI",
    "description": "Inbound request from the xMatters Orb in CircleCI",
    "icon": "https://s3-xmatters-static.s3.amazonaws.com/null/customers/99cee7bb-651f-4a52-b7fe-3a9af00d22f9/IMAGE__20200623213420784__circleci_small.png",
    "script": "\n\nvar payload = JSON.parse( request.body );\n\nif( payload.recipients ) \n   output.recipients = payload.recipients;\n   \noutput.status_color = \"SeaGreen\";\n\n\nif( payload.properties.job_status !== \"success\") {\n    output.status_color = \"FireBrick\";\n}\n\noutput.author     = payload.properties.author;\noutput.branch     = payload.properties.branch;\noutput.build      = payload.properties.build;\noutput.commit     = payload.properties.commit;\noutput.job        = payload.properties.job;\noutput.project    = payload.properties.project;\noutput.job_status = payload.properties.job_status;\noutput.build_url  = payload.properties.build_url;\noutput.workflow_id = payload.properties.workflow_id;\n",
    "allowedEnvironment": "HOSTED",
    "accessibleByAll": "NotShared",
    "triggerAuthType": "URL_AUTH",
    "scriptStepType": "CUSTOM_HTTP",
    "inputs": [],
    "outputs": [
      {
        "id": "47d3efdb-8cbd-4d6e-bfab-a15ca5d84306",
        "name": "author",
        "position": 0
      },
      {
        "id": "cc40514b-b23d-44bf-bdae-042d2ebebc3c",
        "name": "branch",
        "position": 1
      },
      {
        "id": "521b3fe8-5b3d-4e4f-9e02-0b94577fd6c6",
        "name": "build",
        "position": 2
      },
      {
        "id": "d7335596-6c2f-48f0-9cc6-39a8f5f8ac10",
        "name": "build_url",
        "position": 3
      },
      {
        "id": "b0443301-a90e-4885-9f05-566ace669c2f",
        "name": "commit",
        "position": 4
      },
      {
        "id": "876496c8-ea37-4a63-b2fa-00cd3d8ff61c",
        "name": "job",
        "position": 5
      },
      {
        "id": "dbb23e30-f8cd-4fbb-91a4-39a920a33502",
        "name": "job_status",
        "position": 6
      },
      {
        "id": "1426b041-7fbf-4c99-933a-50afa93ad2d8",
        "name": "project",
        "position": 7
      },
      {
        "id": "cc5b6cd7-1ab5-4e57-a96e-2cdba0300741",
        "name": "status_color",
        "position": 8
      },
      {
        "id": "b9ebf8a7-3136-48fb-96f4-a8b0c2ee3453",
        "name": "recipients",
        "position": 9
      },
      {
        "id": "f0d291a6-e1dc-4bab-aa3c-22fae51d44dc",
        "name": "workflow_id",
        "position": 10
      }
    ],
    "libraries": []
  },
  {
    "id": "624cf819-dc9d-4d9b-a2be-7b3715279a7d",
    "name": "xMatters - Find User Property Value",
    "description": "Retrieve the value of a custom field or attribute for an xMatters user.",
    "icon": "/static/images/icons/find-user-property-value.svg",
    "script": "\nvar userId = input['User ID'].trim();\nvar propertyName = input['Property Name'].trim();\n\nvar LABEL_PROPERTY_VALUE = 'Property Value';\nvar CANNOT_PARSE_MESSAGE = 'Unable to parse response body: ';\n\nfunction getXmResponse(path) {\n  var getRequest = http.request({\n    endpoint: 'xMatters',\n    method: 'GET',\n    path: '/api/xm/1/' + path\n  });\n  return getRequest.write();\n}\n\n// Get the User and their properties\nvar getPersonResponse = getXmResponse('people/' + encodeURIComponent(userId));\nvar respBody;\nvalidateResponse(getPersonResponse);\n\ntry {\n  respBody = JSON.parse(getPersonResponse.body);\n} catch (e) {\n  throw new Error(CANNOT_PARSE_MESSAGE + getPersonResponse.body);\n}\n\n// Try to get the person's property value\nif (respBody && respBody.properties &&\n  (respBody.properties[propertyName] || respBody.properties[propertyName] === false)) {\n  output[LABEL_PROPERTY_VALUE] = convertToString(respBody.properties[propertyName]);\n} else {\n  // Cannot find the property. Try to fetch the properties defined in the company.\n  var getPropertyDefinitionsResponse = getXmResponse('person-property-definitions');\n  validateResponse(getPropertyDefinitionsResponse);\n\n  try {\n    respBody = JSON.parse(getPropertyDefinitionsResponse.body);\n  } catch (e) {\n    throw new Error(CANNOT_PARSE_MESSAGE + getPropertyDefinitionsResponse.body);\n  }\n\n  var definitionFound = false;\n\n  // Try to get property definitions from the response\n  if (respBody && respBody.data && Array.isArray(respBody.data)) {\n    var dataArray = respBody.data;\n    for (var i = 0; i < dataArray.length; i++) {\n      if (dataArray[i].name === propertyName) {\n        definitionFound = true;\n        output[LABEL_PROPERTY_VALUE] = '';\n      }\n    }\n  }\n\n  if (!definitionFound) {\n    throw new Error('The custom property ' + propertyName + ' does not exist in your company.');\n  }\n}\n\noutput['Has Value?'] = 'No';\nif( output[LABEL_PROPERTY_VALUE] ) {\n   output['Has Value?'] = 'Yes';    \n}\n\n\nfunction validateResponse(response) {\n  var respBody;\n  var error;\n  var parseableRespBody = true;\n\n  var statusCode = response.statusCode;\n  if (statusCode < 200 || statusCode >= 300) {\n    try {\n      respBody = JSON.parse(response.body);\n      error = respBody.message;\n    } catch (e) {\n      parseableRespBody = false;\n      error = CANNOT_PARSE_MESSAGE + response.body;\n    }\n\n    // If it's a user-not-found error, log it and continue. Do not throw.\n    if (statusCode === 404 && respBody.subcode === 'validation.person.person_not_exists') {\n      console.log(error);\n    } else {\n      throw new Error(\n        'Failed to retrieve the value of the custom property ' + propertyName + '. '\n        + (parseableRespBody ? 'xMatters API returned ' : '')\n        + '[' + response.statusCode + '] '\n        + (parseableRespBody ? 'and the following message: ' : '')\n        + error);\n    }\n  }\n}\n\n/**\n * Turn array into comma separated string, otherwise return the string representation of the value.\n * @param {string|boolean|number|[]} rawValue\n * @returns {string} the output\n */\nfunction convertToString(rawValue) {\n  return Array.isArray(rawValue) ? rawValue.join(',') : rawValue.toString();\n}\n\n  ",
    "endpointAuthType": "XMATTERS",
    "endpointLabel": "xMatters",
    "allowedEnvironment": "HOSTED",
    "accessibleByAll": "NotShared",
    "scriptStepType": "PLAN",
    "inputs": [
      {
        "id": "ec2db50c-ccc9-4b68-be17-3a0be687334b",
        "name": "User ID",
        "helpText": "The target name or unique identifier of the user. {personID}",
        "defaultValue": "",
        "multiline": false,
        "required": true,
        "maxLength": 100,
        "minLength": 0,
        "position": 0
      },
      {
        "id": "2ecda629-25f1-4e90-9e50-6a900ad95d5d",
        "name": "Property Name",
        "helpText": "The name of the custom field or attribute that stores the value you want to retrieve.",
        "defaultValue": "",
        "multiline": false,
        "required": true,
        "maxLength": 100,
        "minLength": 0,
        "position": 1
      }
    ],
    "outputs": [
      {
        "id": "89c5d587-d880-4b44-a640-32490e1ecb81",
        "name": "Property Value",
        "description": "Value of a custom field or attribute for a specific xMatters user.",
        "position": 0
      },
      {
        "id": "674cf620-cea7-44c2-abef-ef1156b38e89",
        "name": "Has Value?",
        "position": 1
      }
    ],
    "libraries": []
  }
]